{
  "materias": [
    {
      "id": 1,
      "anio": "1ro",
      "nombre": "Pedagogía",
      "regimen": "Anual",
      "formato": "Asignatura",
      "prerrequisitos": {
        "requiresCursada": [],
        "requiresAcreditar": []
      }
    },
    {
      "id": 2,
      "anio": "1ro",
      "nombre": "Educación y transformaciones sociales contemporáneas",
      "regimen": "Anual",
      "formato": "Asignatura",
      "prerrequisitos": {
        "requiresCursada": [],
        "requiresAcreditar": []
      }
    },
    {
      "id": 3,
      "anio": "1ro",
      "nombre": "Educación sexual integral",
      "regimen": "Cuatrimestral",
      "formato": "Taller",
      "prerrequisitos": {
        "requiresCursada": [],
        "requiresAcreditar": []
      }
    },
    {
      "id": 4,
      "anio": "1ro",
      "nombre": "Cultura digital y educación",
      "regimen": "Cuatrimestral",
      "formato": "Taller",
      "prerrequisitos": {
        "requiresCursada": [],
        "requiresAcreditar": []
      }
    },
    {
      "id": 5,
      "anio": "1ro",
      "nombre": "Introducción a la Física y elementos de astronomía",
      "regimen": "Anual",
      "formato": "Asignatura",
      "prerrequisitos": {
        "requiresCursada": [],
        "requiresAcreditar": []
      }
    },
    {
      "id": 6,
      "anio": "1ro",
      "nombre": "Química y la Act. experimental 1",
      "regimen": "Anual",
      "formato": "Asignatura",
      "prerrequisitos": {
        "requiresCursada": [],
        "requiresAcreditar": []
      }
    },
    {
      "id": 7,
      "anio": "1ro",
      "nombre": "Introducción a los sistemas biológicos",
      "regimen": "Anual",
      "formato": "Asignatura",
      "prerrequisitos": {
        "requiresCursada": [],
        "requiresAcreditar": []
      }
    },
    {
      "id": 8,
      "anio": "1ro",
      "nombre": "Matemática y Ciencias Naturales 1",
      "regimen": "Anual",
      "formato": "Asignatura",
      "prerrequisitos": {
        "requiresCursada": [],
        "requiresAcreditar": []
      }
    },
    {
      "id": 9,
      "anio": "1ro",
      "nombre": "Práctica Docente I",
      "regimen": "Anual",
      "formato": "Taller y Terreno",
      "prerrequisitos": {
        "requiresCursada": [],
        "requiresAcreditar": []
      }
    },
    {
      "id": 10,
      "anio": "2do",
      "nombre": "Didáctica y curriculum",
      "regimen": "Anual",
      "formato": "Asignatura",
      "prerrequisitos": {
        "requiresCursada": [
          1
        ],
        "requiresAcreditar": []
      }
    },
    {
      "id": 11,
      "anio": "2do",
      "nombre": "Psicología del aprendizaje",
      "regimen": "Anual",
      "formato": "Asignatura",
      "prerrequisitos": {
        "requiresCursada": [],
        "requiresAcreditar": []
      }
    },
    {
      "id": 12,
      "anio": "2do",
      "nombre": "Análisis de las instituciones educativas",
      "regimen": "Cuatrimestral",
      "formato": "Asignatura",
      "prerrequisitos": {
        "requiresCursada": [],
        "requiresAcreditar": []
      }
    },
    {
      "id": 13,
      "anio": "2do",
      "nombre": "Pensamiento político pedagógico latinoamericano",
      "regimen": "Anual",
      "formato": "Asignatura",
      "prerrequisitos": {
        "requiresCursada": [
          1
        ],
        "requiresAcreditar": []
      }
    },
    {
      "id": 14,
      "anio": "2do",
      "nombre": "Didáctica de las Ciencias naturales",
      "regimen": "Anual",
      "formato": "Asignatura",
      "prerrequisitos": {
        "requiresCursada": [
          {
            "anyOf": [
              5,
              6,
              7
            ]
          }
        ],
        "requiresAcreditar": []
      }
    },
    {
      "id": 15,
      "anio": "2do",
      "nombre": "Fundamentos y Modelos de la Mecánica Clásica",
      "regimen": "Anual",
      "formato": "Asignatura",
      "prerrequisitos": {
        "requiresCursada": [
          5,
          8
        ],
        "requiresAcreditar": []
      }
    },
    {
      "id": 16,
      "anio": "2do",
      "nombre": "Química y la Actividad experimental 2",
      "regimen": "Anual",
      "formato": "Asignatura",
      "prerrequisitos": {
        "requiresCursada": [
          6
        ],
        "requiresAcreditar": []
      }
    },
    {
      "id": 17,
      "anio": "2do",
      "nombre": "Actividades Experimentales de CyT escolar",
      "regimen": "Cuatrimestral",
      "formato": "Taller",
      "prerrequisitos": {
        "requiresCursada": [
          8,
          {
            "anyOf": [
              5,
              6
            ]
          }
        ],
        "requiresAcreditar": []
      }
    },
    {
      "id": 18,
      "anio": "2do",
      "nombre": "Ciencias de la tierra",
      "regimen": "Cuatrimestral",
      "formato": "Taller",
      "prerrequisitos": {
        "requiresCursada": [
          7,
          8
        ],
        "requiresAcreditar": []
      }
    },
    {
      "id": 19,
      "anio": "2do",
      "nombre": "Matemática y Cs Naturales 2",
      "regimen": "Anual",
      "formato": "Asignatura",
      "prerrequisitos": {
        "requiresCursada": [
          8
        ],
        "requiresAcreditar": []
      }
    },
    {
      "id": 20,
      "anio": "2do",
      "nombre": "Práctica Docente II",
      "regimen": "Anual",
      "formato": "Taller y Terreno",
      "prerrequisitos": {
        "requiresCursada": [],
        "requiresAcreditar": [
          2,
          5,
          9
        ]
      }
    },
    {
      "id": 21,
      "anio": "3ro",
      "nombre": "Política educativa argentina",
      "regimen": "Anual",
      "formato": "Asignatura",
      "prerrequisitos": {
        "requiresCursada": [
          13
        ],
        "requiresAcreditar": []
      }
    },
    {
      "id": 22,
      "anio": "3ro",
      "nombre": "Problemas filosóficos de la educación",
      "regimen": "Anual",
      "formato": "Asignatura",
      "prerrequisitos": {
        "requiresCursada": [],
        "requiresAcreditar": []
      }
    },
    {
      "id": 23,
      "anio": "3ro",
      "nombre": "Trayectorias educativas de jóvenes y adultos",
      "regimen": "Cuatrimestral",
      "formato": "Asignatura",
      "prerrequisitos": {
        "requiresCursada": [
          3,
          4
        ],
        "requiresAcreditar": []
      }
    },
    {
      "id": 24,
      "anio": "3ro",
      "nombre": "Didáctica de la Física",
      "regimen": "Anual",
      "formato": "Taller",
      "prerrequisitos": {
        "requiresCursada": [
          5,
          14,
          17
        ],
        "requiresAcreditar": []
      }
    },
    {
      "id": 25,
      "anio": "3ro",
      "nombre": "Astronomía",
      "regimen": "Cuatrimestral",
      "formato": "Asignatura",
      "prerrequisitos": {
        "requiresCursada": [
          15,
          19
        ],
        "requiresAcreditar": []
      }
    },
    {
      "id": 26,
      "anio": "3ro",
      "nombre": "Ondas y óptica",
      "regimen": "Anual",
      "formato": "Asignatura",
      "prerrequisitos": {
        "requiresCursada": [
          15,
          19
        ],
        "requiresAcreditar": []
      }
    },
    {
      "id": 27,
      "anio": "3ro",
      "nombre": "Termodinámica",
      "regimen": "Anual",
      "formato": "Asignatura",
      "prerrequisitos": {
        "requiresCursada": [
          15,
          19
        ],
        "requiresAcreditar": []
      }
    },
    {
      "id": 28,
      "anio": "3ro",
      "nombre": "Electromagnetismo",
      "regimen": "Anual",
      "formato": "Asignatura",
      "prerrequisitos": {
        "requiresCursada": [
          15,
          19
        ],
        "requiresAcreditar": []
      }
    },
    {
      "id": 29,
      "anio": "3ro",
      "nombre": "Matemática asociada a la Física",
      "regimen": "Anual",
      "formato": "Asignatura",
      "prerrequisitos": {
        "requiresCursada": [
          19
        ],
        "requiresAcreditar": []
      }
    },
    {
      "id": 30,
      "anio": "3ro",
      "nombre": "Práctica docente III",
      "regimen": "Anual",
      "formato": "Taller y Terreno",
      "prerrequisitos": {
        "requiresCursada": [
          1,
          2,
          3,
          4,
          5,
          6,
          7,
          8,
          9,
          15
        ],
        "requiresAcreditar": [
          10,
          14,
          20
        ]
      }
    },
    {
      "id": 31,
      "anio": "4to",
      "nombre": "Reflexión filosófico-política de la práctica docente",
      "regimen": "Anual",
      "formato": "Asignatura",
      "prerrequisitos": {
        "requiresCursada": [
          22
        ],
        "requiresAcreditar": [
          30
        ]
      }
    },
    {
      "id": 32,
      "anio": "4to",
      "nombre": "Derechos, interculturalidad y ciudadanía",
      "regimen": "Cuatrimestral",
      "formato": "Taller",
      "prerrequisitos": {
        "requiresCursada": [
          2
        ],
        "requiresAcreditar": []
      }
    },
    {
      "id": 33,
      "anio": "4to",
      "nombre": "EOI",
      "regimen": "Cuatrimestral",
      "formato": "Taller",
      "prerrequisitos": {
        "requiresCursada": [],
        "requiresAcreditar": []
      }
    },
    {
      "id": 34,
      "anio": "4to",
      "nombre": "Enseñanza de la Física y sus problemas",
      "regimen": "Anual",
      "formato": "Ateneo",
      "prerrequisitos": {
        "requiresCursada": [
          24
        ],
        "requiresAcreditar": [
          30
        ]
      }
    },
    {
      "id": 35,
      "anio": "4to",
      "nombre": "Historia y epistemología de la Física",
      "regimen": "Anual",
      "formato": "Asignatura",
      "prerrequisitos": {
        "requiresCursada": [
          17,
          18,
          25,
          28
        ],
        "requiresAcreditar": []
      }
    },
    {
      "id": 36,
      "anio": "4to",
      "nombre": "Física Cuántica, Atómica y Nuclear",
      "regimen": "Anual",
      "formato": "Asignatura",
      "prerrequisitos": {
        "requiresCursada": [
          16,
          26,
          28
        ],
        "requiresAcreditar": []
      }
    },
    {
      "id": 37,
      "anio": "4to",
      "nombre": "Relatividad, Astrofísica y Cosmología",
      "regimen": "Anual",
      "formato": "Asignatura",
      "prerrequisitos": {
        "requiresCursada": [
          15,
          25,
          29
        ],
        "requiresAcreditar": []
      }
    },
    {
      "id": 38,
      "anio": "4to",
      "nombre": "Física, Tecnología y Ambiente",
      "regimen": "Anual",
      "formato": "Taller",
      "prerrequisitos": {
        "requiresCursada": [
          15,
          27,
          28
        ],
        "requiresAcreditar": []
      }
    },
    {
      "id": 39,
      "anio": "4to",
      "nombre": "Mecánica Avanzada y Física Teórica",
      "regimen": "Anual",
      "formato": "Asignatura",
      "prerrequisitos": {
        "requiresCursada": [
          15,
          28,
          29
        ],
        "requiresAcreditar": []
      }
    },
    {
      "id": 40,
      "anio": "4to",
      "nombre": "Problemáticas socioambientales",
      "regimen": "Cuatrimestral",
      "formato": "Semestral",
      "prerrequisitos": {
        "requiresCursada": [
          14,
          18
        ],
        "requiresAcreditar": []
      }
    },
    {
      "id": 41,
      "anio": "4to",
      "nombre": "EOI",
      "regimen": "Cuatrimestral",
      "formato": "Taller",
      "prerrequisitos": {
        "requiresCursada": [],
        "requiresAcreditar": []
      }
    },
    {
      "id": 42,
      "anio": "4to",
      "nombre": "Práctica docente IV",
      "regimen": "Anual",
      "formato": "Taller y Terreno",
      "prerrequisitos": {
        "requiresCursada": [
          1,
          2,
          3,
          4,
          5,
          6,
          7,
          8,
          9,
          10,
          11,
          12,
          13,
          14,
          15,
          16,
          17,
          18,
          19,
          20,
          26,
          28
        ],
        "requiresAcreditar": [
          23,
          24,
          30
        ]
      }
    },
    {
      "id": 43,
      "anio": "-",
      "nombre": "Unidad Curricular Optativa",
      "regimen": "-",
      "formato": "-",
      "prerrequisitos": {
        "requiresCursada": [
          1,
          2,
          3,
          4,
          5,
          6,
          7,
          8,
          9,
          10,
          11,
          12,
          13,
          14,
          15,
          16,
          17,
          18,
          19,
          20
        ],
        "requiresAcreditar": []
      }
    }
  ]
}